{
    "camera_matrix": [
        [
            943.9573109749741,
            0.0,
            337.6012547712994
        ],
        [
            0.0,
            945.5121196429177,
            236.6887086763664
        ],
        [
            0.0,
            0.0,
            1.0
        ]
    ],
    "distortion_coefs": [
        [
            0.11947673248487034,
            -1.1201940552180576,
            -0.002979670815292849,
            0.004852920387454976,
            10.385045264240748
        ]
    ]
}