{
    "camera_matrix": [
        [
            1410.995187355294,
            0.0,
            636.1476211851186
        ],
        [
            0.0,
            1409.764681616791,
            339.2873280336466
        ],
        [
            0.0,
            0.0,
            1.0
        ]
    ],
    "distortion_coefs": [
        [
            0.09982693948326313,
            -0.4347898105344116,
            0.004379877086936048,
            -0.006422590200176354,
            3.347146504972075
        ]
    ]
}